page,section_id,section_type,block,field,value
Homepage,hero,hero,slide-1/slide,image,shopify://shop_images/4.png
Homepage,hero,hero,slide-1/slide,cta_primary_url,https://go.booker.com/location/hushhushtan/service-menu
Homepage,hero,hero,slide-1/slide,cta_secondary_url,https://go.booker.com/location/hushhushtan/service-menu
Homepage,hero,hero,slide-2/slide,image,shopify://shop_images/Best_Spray_Tans_Austin_Dallas_Houston_Texas.png
Homepage,hero,hero,slide-2/slide,image_fallback,hht-hero-slide-2.webp
Homepage,hero,hero,slide-2/slide,cta_primary_url,https://go.booker.com/location/hushhushtan/service-menu
Homepage,hero,hero,slide-2/slide,cta_secondary_url,https://go.booker.com/location/hushhushtan/service-menu
Homepage,reviews,reviews,,cta_url,/pages/locations
Homepage,press_grid_Uniykx,press-grid,logo_w3MRU7/logo,image,shopify://shop_images/CI-Logo-2022-Website-White-1.svg
Homepage,press_grid_Uniykx,press-grid,logo_w3MRU7/logo,link,https://communityimpact.com/houston/heights-river-oaks-montrose/business/2023/12/06/updated-spray-tan-salon-hush-hush-tan-coming-soon-to-m-k-t-in-the-heights/
Homepage,press_grid_Uniykx,press-grid,logo_T9HbB4/logo,image,shopify://shop_images/VOGUE_LOGO.svg
Homepage,press_grid_Uniykx,press-grid,logo_T9HbB4/logo,link,https://www.vogue.com/article/best-spray-tan-salons-la-new-york-summer-beauty
Homepage,press_grid_Uniykx,press-grid,logo_kYkzAL/logo,image,shopify://shop_images/download-1.jpg
Homepage,press_grid_Uniykx,press-grid,logo_V4jCdQ/logo,image,shopify://shop_images/featured-in-d-magazine.png
Homepage,press_grid_Uniykx,press-grid,logo_V4jCdQ/logo,link,https://www.dmagazine.com/health-fitness/2018/08/hush-hush-tan-dallas/
Homepage,press_grid_Uniykx,press-grid,logo_6ttV8g/logo,image,shopify://shop_images/papercity-magazine-black.webp
Homepage,press_grid_Uniykx,press-grid,logo_6ttV8g/logo,link,https://www.papercitymag.com/fashion/austin-hush-hush-tan-opens-dallas-tanning-salon-vogue-approved/
Homepage,press_grid_Uniykx,press-grid,logo_h6NJ9p/logo,image,shopify://shop_images/form_logo.jpg
Homepage,press_grid_Uniykx,press-grid,logo_h6NJ9p/logo,link,https://hushhushtan.com/pages/press
Homepage,press_grid_Uniykx,press-grid,logo_K4kcPQ/logo,image,shopify://shop_images/TLM_10Years_Color-1-1.svg
Homepage,press_grid_Uniykx,press-grid,logo_K4kcPQ/logo,link,https://texaslifestylemag.com/lifestyle/the-21-greatest-gifts-for-mom/
Homepage,press_grid_Uniykx,press-grid,logo_Kd39my/logo,image,shopify://shop_images/cropped-PN-LogoBlue.png
Homepage,press_grid_Uniykx,press-grid,logo_Kd39my/logo,link,https://www.parkcitiespeople.com/business/austin-based-premier-sunless-tanning-salon-to-open-in-the-shops-of-highland-park/
Homepage,press_grid_Uniykx,press-grid,logo_QXDd4r/logo,image,shopify://shop_images/bd5862c8-e80f-45c3-9dfd-ae884f3263a9-1.webp
Homepage,press_grid_Uniykx,press-grid,logo_QXDd4r/logo,link,https://www.theleadernews.com/business/hush-hush-tan-debuts-upscale-all-natural-tanning-experience-in-the-heights-in-early-2024/article_bbe41048-990a-11ee-859d-4b1ce6de42cc.html
Homepage,press_grid_Uniykx,press-grid,logo_qETkbB/logo,image,shopify://shop_images/huston3.png
Homepage,press_grid_Uniykx,press-grid,logo_qETkbB/logo,link,https://voyagehouston.com/interview/meet-izabel-wicker-of-hush-hush-tan/
Homepage,start_here,start-here,,image,shopify://shop_images/02-HushHushTanDallas_01.jpg
Homepage,start_here,start-here,,image_fallback,hht-glow-editorial.jpg
Homepage,start_here,start-here,,cta_url,https://go.booker.com/location/hushhushtan/service-menu
Homepage,locations,location-cards,l1/location,image,shopify://shop_images/press.jpg
Homepage,locations,location-cards,l1/location,book_url,https://go.booker.com/location/hushhushtan/service-menu
Homepage,locations,location-cards,l1/location,info_url,/pages/our-services?location=austin
Homepage,locations,location-cards,l2/location,image,shopify://shop_images/02-HushHushTanDallas_01.jpg
Homepage,locations,location-cards,l2/location,book_url,https://go.booker.com/location/hushhushtandallas/service-menu
Homepage,locations,location-cards,l2/location,info_url,/pages/our-services?location=dallas
Homepage,locations,location-cards,l3/location,image,shopify://shop_images/16-HushHushTanHouston15_3.jpg
Homepage,locations,location-cards,l3/location,book_url,https://go.booker.com/location/hushhushtanhouston/service-menu
Homepage,locations,location-cards,l3/location,info_url,/pages/our-services?location=houston
Homepage,before_after,before-after,,cta_url,https://go.booker.com/location/hushhushtan/service-menu
Homepage,before_after,before-after,ba1/pair,before_image,shopify://shop_images/IMG_1109.jpg
Homepage,before_after,before-after,ba1/pair,after_image,shopify://shop_images/IMG_1111.jpg
Homepage,before_after,before-after,ba2/pair,before_image,shopify://shop_images/DSC1632-Enhanced-NR.jpg
Homepage,before_after,before-after,ba2/pair,after_image,shopify://shop_images/DSC1621.jpg
Homepage,before_after,before-after,ba3/pair,before_image,shopify://shop_images/IMG_0115_1.jpg
Homepage,before_after,before-after,ba3/pair,after_image,shopify://shop_images/IMG_0145_1.jpg
Homepage,social,social-feed,,profile_url,https://www.instagram.com/hushhushtan/
Homepage,social,social-feed,s1/post,image_fallback,hht-moment-group.jpg
Homepage,social,social-feed,s1/post,link,https://www.instagram.com/hushhushtan/
Homepage,social,social-feed,s2/post,image_fallback,hht-moment-prep.jpg
Homepage,social,social-feed,s2/post,link,https://www.instagram.com/hushhushtan/
Homepage,social,social-feed,s3/post,image_fallback,hht-glow-editorial.jpg
Homepage,social,social-feed,s3/post,link,https://www.instagram.com/hushhushtan/
Homepage,social,social-feed,s4/post,image_fallback,hht-moment-aftercare.jpg
Homepage,social,social-feed,s4/post,link,https://www.instagram.com/hushhushtan/
Homepage,social,social-feed,s5/post,image_fallback,hht-reception.jpg
Homepage,social,social-feed,s5/post,link,https://www.instagram.com/hushhushtan/
Homepage,social,social-feed,s6/post,image_fallback,hht-glow-wall-art.jpg
Homepage,social,social-feed,s6/post,link,https://www.instagram.com/hushhushtan/
Homepage,social,social-feed,s7/post,image_fallback,hht-gal-austin-01.jpg
Homepage,social,social-feed,s7/post,link,https://www.instagram.com/hushhushtan/
Homepage,social,social-feed,s8/post,image_fallback,hht-gal-dallas-01.jpg
Homepage,social,social-feed,s8/post,link,https://www.instagram.com/hushhushtan/
Homepage,sticky_book,sticky-book,,url,https://go.booker.com/location/hushhushtan/service-menu
Austin,seo,location-seo,,map_url,https://www.google.com/maps/search/?api=1&query=1211+West+6th+St+Suite+400+Austin+TX+78703
Austin,seo,location-seo,,canonical_url,https://hushhushtan.com/pages/austin
Austin,hero,hero,slide-1/slide,image,shopify://shop_images/012_20230720_hushhushtan_12_1.jpg
Austin,hero,hero,slide-1/slide,cta_primary_url,https://go.booker.com/location/hushhushtan/detail-summary/4930591
Austin,hero,hero,slide-1/slide,cta_secondary_url,https://go.booker.com/location/hushhushtan/service-menu
Austin,reviews,reviews,,cta_url,https://maps.app.goo.gl/tXfXJR3V5sPNwpbb9
Austin,start_here,start-here,,image,shopify://shop_images/IMG_8415.jpg
Austin,start_here,start-here,,image_fallback,hht-loc-austin-start.jpg
Austin,start_here,start-here,,cta_url,https://go.booker.com/location/hushhushtan/detail-summary/4930591
Austin,services,service-cards,s1/service,cta_url,https://go.booker.com/location/hushhushtan/detail-summary/4930591
Austin,services,service-cards,s2/service,cta_url,https://go.booker.com/location/hushhushtan/detail-summary/4930655
Austin,services,service-cards,s3/service,cta_url,https://go.booker.com/location/hushhushtan/detail-summary/4930756
Austin,why,before-after,,cta_url,https://go.booker.com/location/hushhushtan
Austin,press,press-grid,logo_w3MRU7/logo,image,shopify://shop_images/CI-Logo-2022-Website-White-1.svg
Austin,press,press-grid,logo_w3MRU7/logo,link,https://communityimpact.com/houston/heights-river-oaks-montrose/business/2023/12/06/updated-spray-tan-salon-hush-hush-tan-coming-soon-to-m-k-t-in-the-heights/
Austin,press,press-grid,logo_T9HbB4/logo,image,shopify://shop_images/VOGUE_LOGO.svg
Austin,press,press-grid,logo_T9HbB4/logo,link,https://www.vogue.com/article/best-spray-tan-salons-la-new-york-summer-beauty
Austin,press,press-grid,logo_kYkzAL/logo,image,shopify://shop_images/download-1.jpg
Austin,press,press-grid,logo_V4jCdQ/logo,image,shopify://shop_images/featured-in-d-magazine.png
Austin,press,press-grid,logo_V4jCdQ/logo,link,https://www.dmagazine.com/health-fitness/2018/08/hush-hush-tan-dallas/
Austin,press,press-grid,logo_6ttV8g/logo,image,shopify://shop_images/papercity-magazine-black.webp
Austin,press,press-grid,logo_6ttV8g/logo,link,https://www.papercitymag.com/fashion/austin-hush-hush-tan-opens-dallas-tanning-salon-vogue-approved/
Austin,press,press-grid,logo_h6NJ9p/logo,image,shopify://shop_images/form_logo.jpg
Austin,press,press-grid,logo_h6NJ9p/logo,link,https://hushhushtan.com/pages/press
Austin,press,press-grid,logo_K4kcPQ/logo,image,shopify://shop_images/TLM_10Years_Color-1-1.svg
Austin,press,press-grid,logo_K4kcPQ/logo,link,https://texaslifestylemag.com/lifestyle/the-21-greatest-gifts-for-mom/
Austin,press,press-grid,logo_Kd39my/logo,image,shopify://shop_images/cropped-PN-LogoBlue.png
Austin,press,press-grid,logo_Kd39my/logo,link,https://www.parkcitiespeople.com/business/austin-based-premier-sunless-tanning-salon-to-open-in-the-shops-of-highland-park/
Austin,press,press-grid,logo_QXDd4r/logo,image,shopify://shop_images/bd5862c8-e80f-45c3-9dfd-ae884f3263a9-1.webp
Austin,press,press-grid,logo_QXDd4r/logo,link,https://www.theleadernews.com/business/hush-hush-tan-debuts-upscale-all-natural-tanning-experience-in-the-heights-in-early-2024/article_bbe41048-990a-11ee-859d-4b1ce6de42cc.html
Austin,press,press-grid,logo_qETkbB/logo,image,shopify://shop_images/huston3.png
Austin,press,press-grid,logo_qETkbB/logo,link,https://voyagehouston.com/interview/meet-izabel-wicker-of-hush-hush-tan/
Austin,faq,glow-moments-faq,,faqs_url,/pages/faqs
Austin,faq,glow-moments-faq,,book_url,https://go.booker.com/location/hushhushtan/detail-summary/4930591
Austin,social,social-feed,,profile_url,https://www.instagram.com/hushhushtan/
Austin,social,social-feed,p1/post,link,https://www.instagram.com/hushhushtan/
Austin,social,social-feed,p2/post,link,https://www.instagram.com/hushhushtan/
Austin,social,social-feed,p3/post,link,https://www.instagram.com/hushhushtan/
Austin,social,social-feed,p4/post,link,https://www.instagram.com/hushhushtan/
Austin,social,social-feed,p5/post,link,https://www.instagram.com/hushhushtan/
Austin,social,social-feed,p6/post,link,https://www.instagram.com/hushhushtan/
Austin,final,final-cta,,cta1_url_austin,https://go.booker.com/location/hushhushtan/service-menu
Austin,final,final-cta,,cta1_url_houston,https://go.booker.com/location/hushhushtanhouston/
Austin,final,final-cta,,cta1_url_dallas,https://go.booker.com/location/hushhushtandallas/
Austin,studio,location-cards,l1/location,image,shopify://shop_images/014_20230720_hushhushtan_14.jpg
Austin,studio,location-cards,l1/location,image_fallback,hht-loc-austin-hero.jpg
Austin,studio,location-cards,l1/location,book_url,https://go.booker.com/location/hushhushtan/detail-summary/4930591
Austin,studio,location-cards,l1/location,map_url,https://www.google.com/maps/search/?api=1&query=1211+West+6th+St+Suite+400+Austin+TX+78703
Austin,sticky_book,sticky-book,,url,https://go.booker.com/location/hushhushtan/detail-summary/4930591
Dallas,seo,location-seo,,map_url,https://www.google.com/maps/search/?api=1&query=4254+Oak+Lawn+Avenue+Dallas+TX+75219
Dallas,seo,location-seo,,canonical_url,https://hushhushtan.com/pages/dallas
Dallas,hero,hero,slide-1/slide,image,shopify://shop_images/02-HushHushTanDallas_01.jpg
Dallas,hero,hero,slide-1/slide,image_fallback,hht-loc-dallas-hero.jpg
Dallas,hero,hero,slide-1/slide,cta_primary_url,https://go.booker.com/location/hushhushtandallas/detail-summary/4930592
Dallas,hero,hero,slide-1/slide,cta_secondary_url,https://go.booker.com/location/hushhushtandallas/service-menu
Dallas,reviews,reviews,,cta_url,https://www.google.com/maps/search/?api=1&query=4254+Oak+Lawn+Avenue+Dallas+TX+75219
Dallas,start_here,start-here,,image_fallback,hht-loc-dallas-start.jpg
Dallas,start_here,start-here,,cta_url,https://go.booker.com/location/hushhushtandallas/detail-summary/4930592
Dallas,studio,location-cards,l1/location,image,shopify://shop_images/13-HushHushTanDallas_12_1.jpg
Dallas,studio,location-cards,l1/location,image_fallback,hht-loc-dallas-hero.jpg
Dallas,studio,location-cards,l1/location,book_url,https://go.booker.com/location/hushhushtandallas/detail-summary/4930592
Dallas,studio,location-cards,l1/location,map_url,https://maps.app.goo.gl/cCAbJ9WT2qbZrqTC9
Dallas,services,service-cards,s1/service,cta_url,https://go.booker.com/location/hushhushtandallas/detail-summary/4930592
Dallas,services,service-cards,s2/service,cta_url,https://go.booker.com/location/hushhushtandallas/detail-summary/4930656
Dallas,services,service-cards,s3/service,cta_url,https://go.booker.com/location/hushhushtandallas/detail-summary/4930757
Dallas,why,before-after,,cta_url,https://go.booker.com/location/hushhushtandallas/detail-summary/4930592
Dallas,press,press-grid,logo_w3MRU7/logo,image,shopify://shop_images/CI-Logo-2022-Website-White-1.svg
Dallas,press,press-grid,logo_w3MRU7/logo,link,https://communityimpact.com/houston/heights-river-oaks-montrose/business/2023/12/06/updated-spray-tan-salon-hush-hush-tan-coming-soon-to-m-k-t-in-the-heights/
Dallas,press,press-grid,logo_T9HbB4/logo,image,shopify://shop_images/VOGUE_LOGO.svg
Dallas,press,press-grid,logo_T9HbB4/logo,link,https://www.vogue.com/article/best-spray-tan-salons-la-new-york-summer-beauty
Dallas,press,press-grid,logo_kYkzAL/logo,image,shopify://shop_images/download-1.jpg
Dallas,press,press-grid,logo_V4jCdQ/logo,image,shopify://shop_images/featured-in-d-magazine.png
Dallas,press,press-grid,logo_V4jCdQ/logo,link,https://www.dmagazine.com/health-fitness/2018/08/hush-hush-tan-dallas/
Dallas,press,press-grid,logo_6ttV8g/logo,image,shopify://shop_images/papercity-magazine-black.webp
Dallas,press,press-grid,logo_6ttV8g/logo,link,https://www.papercitymag.com/fashion/austin-hush-hush-tan-opens-dallas-tanning-salon-vogue-approved/
Dallas,press,press-grid,logo_h6NJ9p/logo,image,shopify://shop_images/form_logo.jpg
Dallas,press,press-grid,logo_h6NJ9p/logo,link,https://hushhushtan.com/pages/press
Dallas,press,press-grid,logo_K4kcPQ/logo,image,shopify://shop_images/TLM_10Years_Color-1-1.svg
Dallas,press,press-grid,logo_K4kcPQ/logo,link,https://texaslifestylemag.com/lifestyle/the-21-greatest-gifts-for-mom/
Dallas,press,press-grid,logo_Kd39my/logo,image,shopify://shop_images/cropped-PN-LogoBlue.png
Dallas,press,press-grid,logo_Kd39my/logo,link,https://www.parkcitiespeople.com/business/austin-based-premier-sunless-tanning-salon-to-open-in-the-shops-of-highland-park/
Dallas,press,press-grid,logo_QXDd4r/logo,image,shopify://shop_images/bd5862c8-e80f-45c3-9dfd-ae884f3263a9-1.webp
Dallas,press,press-grid,logo_QXDd4r/logo,link,https://www.theleadernews.com/business/hush-hush-tan-debuts-upscale-all-natural-tanning-experience-in-the-heights-in-early-2024/article_bbe41048-990a-11ee-859d-4b1ce6de42cc.html
Dallas,press,press-grid,logo_qETkbB/logo,image,shopify://shop_images/huston3.png
Dallas,press,press-grid,logo_qETkbB/logo,link,https://voyagehouston.com/interview/meet-izabel-wicker-of-hush-hush-tan/
Dallas,faq,glow-moments-faq,,faqs_url,/pages/faqs
Dallas,faq,glow-moments-faq,,book_url,https://go.booker.com/location/hushhushtandallas/detail-summary/4930592
Dallas,social,social-feed,,profile_url,https://www.instagram.com/hushhushtan/
Dallas,social,social-feed,p1/post,link,https://www.instagram.com/hushhushtan/
Dallas,social,social-feed,p2/post,link,https://www.instagram.com/hushhushtan/
Dallas,social,social-feed,p3/post,link,https://www.instagram.com/hushhushtan/
Dallas,social,social-feed,p4/post,link,https://www.instagram.com/hushhushtan/
Dallas,social,social-feed,p5/post,link,https://www.instagram.com/hushhushtan/
Dallas,social,social-feed,p6/post,link,https://www.instagram.com/hushhushtan/
Dallas,final,final-cta,,cta1_url,https://go.booker.com/location/hushhushtandallas/detail-summary/4930592
Dallas,final,final-cta,,cta1_url_dallas,https://go.booker.com/location/hushhushtandallas/detail-summary/4930592
Dallas,final,final-cta,,cta2_url,https://go.booker.com/location/hushhushtandallas/service-menu
Dallas,sticky_book,sticky-book,,url,https://go.booker.com/location/hushhushtandallas/detail-summary/4930592
Houston,seo,location-seo,,map_url,https://www.google.com/maps/search/?api=1&query=600+N+Shepherd+Dr+Ste+128+Houston+TX+77007
Houston,seo,location-seo,,canonical_url,https://hushhushtan.com/pages/houston
Houston,hero,hero,slide-1/slide,image,shopify://shop_images/04-HushHushTanHouston03_1.jpg
Houston,hero,hero,slide-1/slide,image_fallback,hht-loc-houston-hero.jpg
Houston,hero,hero,slide-1/slide,cta_primary_url,https://go.booker.com/location/hushhushtanhouston/detail-summary/4930593
Houston,hero,hero,slide-1/slide,cta_secondary_url,https://go.booker.com/location/hushhushtanhouston
Houston,reviews,reviews,,cta_url,https://www.google.com/maps/search/?api=1&query=600+N+Shepherd+Dr+Ste+128+Houston+TX+77007
Houston,start_here,start-here,,image,shopify://shop_images/16-HushHushTanHouston15_3.jpg
Houston,start_here,start-here,,image_fallback,hht-loc-houston-start.jpg
Houston,start_here,start-here,,cta_url,https://go.booker.com/location/hushhushtanhouston/detail-summary/4930593
Houston,studio,location-cards,l1/location,image,shopify://shop_images/74d054fb5ba06d-FW507310518.webp
Houston,studio,location-cards,l1/location,image_fallback,hht-loc-houston-hero.jpg
Houston,studio,location-cards,l1/location,book_url,https://go.booker.com/location/hushhushtanhouston/service-menu
Houston,studio,location-cards,l1/location,map_url,https://maps.app.goo.gl/ovSkE9qtZ2TtAwPPA
Houston,services,service-cards,s1/service,cta_url,https://go.booker.com/location/hushhushtanhouston/detail-summary/4930593
Houston,services,service-cards,s2/service,cta_url,https://go.booker.com/location/hushhushtanhouston/detail-summary/4930657
Houston,services,service-cards,s3/service,cta_url,https://go.booker.com/location/hushhushtanhouston/detail-summary/4930758
Houston,why,before-after,,cta_url,https://go.booker.com/location/hushhushtanhouston/service-menu
Houston,press,press-grid,logo_w3MRU7/logo,image,shopify://shop_images/CI-Logo-2022-Website-White-1.svg
Houston,press,press-grid,logo_w3MRU7/logo,link,https://communityimpact.com/houston/heights-river-oaks-montrose/business/2023/12/06/updated-spray-tan-salon-hush-hush-tan-coming-soon-to-m-k-t-in-the-heights/
Houston,press,press-grid,logo_T9HbB4/logo,image,shopify://shop_images/VOGUE_LOGO.svg
Houston,press,press-grid,logo_T9HbB4/logo,link,https://www.vogue.com/article/best-spray-tan-salons-la-new-york-summer-beauty
Houston,press,press-grid,logo_kYkzAL/logo,image,shopify://shop_images/download-1.jpg
Houston,press,press-grid,logo_V4jCdQ/logo,image,shopify://shop_images/featured-in-d-magazine.png
Houston,press,press-grid,logo_V4jCdQ/logo,link,https://www.dmagazine.com/health-fitness/2018/08/hush-hush-tan-dallas/
Houston,press,press-grid,logo_6ttV8g/logo,image,shopify://shop_images/papercity-magazine-black.webp
Houston,press,press-grid,logo_6ttV8g/logo,link,https://www.papercitymag.com/fashion/austin-hush-hush-tan-opens-dallas-tanning-salon-vogue-approved/
Houston,press,press-grid,logo_h6NJ9p/logo,image,shopify://shop_images/form_logo.jpg
Houston,press,press-grid,logo_h6NJ9p/logo,link,https://hushhushtan.com/pages/press
Houston,press,press-grid,logo_K4kcPQ/logo,image,shopify://shop_images/TLM_10Years_Color-1-1.svg
Houston,press,press-grid,logo_K4kcPQ/logo,link,https://texaslifestylemag.com/lifestyle/the-21-greatest-gifts-for-mom/
Houston,press,press-grid,logo_Kd39my/logo,image,shopify://shop_images/cropped-PN-LogoBlue.png
Houston,press,press-grid,logo_Kd39my/logo,link,https://www.parkcitiespeople.com/business/austin-based-premier-sunless-tanning-salon-to-open-in-the-shops-of-highland-park/
Houston,press,press-grid,logo_QXDd4r/logo,image,shopify://shop_images/bd5862c8-e80f-45c3-9dfd-ae884f3263a9-1.webp
Houston,press,press-grid,logo_QXDd4r/logo,link,https://www.theleadernews.com/business/hush-hush-tan-debuts-upscale-all-natural-tanning-experience-in-the-heights-in-early-2024/article_bbe41048-990a-11ee-859d-4b1ce6de42cc.html
Houston,press,press-grid,logo_qETkbB/logo,image,shopify://shop_images/huston3.png
Houston,press,press-grid,logo_qETkbB/logo,link,https://voyagehouston.com/interview/meet-izabel-wicker-of-hush-hush-tan/
Houston,faq,glow-moments-faq,,faqs_url,/pages/faqs
Houston,faq,glow-moments-faq,,book_url,https://go.booker.com/location/hushhushtanhouston/service-menu
Houston,social,social-feed,,profile_url,https://www.instagram.com/hushhushtan/
Houston,social,social-feed,p1/post,link,https://www.instagram.com/hushhushtan/
Houston,social,social-feed,p2/post,link,https://www.instagram.com/hushhushtan/
Houston,social,social-feed,p3/post,link,https://www.instagram.com/hushhushtan/
Houston,social,social-feed,p4/post,link,https://www.instagram.com/hushhushtan/
Houston,social,social-feed,p5/post,link,https://www.instagram.com/hushhushtan/
Houston,social,social-feed,p6/post,link,https://www.instagram.com/hushhushtan/
Houston,final,final-cta,,cta1_url,https://go.booker.com/location/hushhushtanhouston/detail-summary/4930593
Houston,final,final-cta,,cta1_url_houston,https://go.booker.com/location/hushhushtanhouston/service-menu
Houston,sticky_book,sticky-book,,url,https://go.booker.com/location/hushhushtanhouston/detail-summary/4930593
Our Services,reviews,reviews,,cta_url,/pages/locations
Our Services,services,services-pricing-v2,service_row_tkaykr/service_row,link_loc1,https://go.booker.com/location/hushhushtan/detail-summary/4930591?campaign=hush_hush_tan_website_1&source=web_direct
Our Services,services,services-pricing-v2,service_row_tkaykr/service_row,link_loc2,https://go.booker.com/location/hushhushtanhouston/detail-summary/4930593
Our Services,services,services-pricing-v2,service_row_tkaykr/service_row,link_loc3,https://go.booker.com/location/hushhushtandallas/detail-summary/4930592
Our Services,services,services-pricing-v2,service_row_QT4TcR/service_row,link_loc1,https://go.booker.com/location/hushhushtan/detail-summary/4930655
Our Services,services,services-pricing-v2,service_row_QT4TcR/service_row,link_loc2,https://go.booker.com/location/hushhushtanhouston/detail-summary/4930657
Our Services,services,services-pricing-v2,service_row_QT4TcR/service_row,link_loc3,https://go.booker.com/location/hushhushtandallas/detail-summary/4930656
Our Services,services,services-pricing-v2,service_row_Vfant8/service_row,link_loc1,https://go.booker.com/location/hushhushtan/detail-summary/4930756?campaign=hush_hush_tan_website_1&source=web_direct
Our Services,services,services-pricing-v2,service_row_Vfant8/service_row,link_loc2,https://go.booker.com/location/hushhushtanhouston/detail-summary/4930758
Our Services,services,services-pricing-v2,service_row_Vfant8/service_row,link_loc3,https://go.booker.com/location/hushhushtandallas/detail-summary/4930757
Our Services,services,services-pricing-v2,service_row_cbwDeR/service_row,link_loc1,https://go.booker.com/location/hushhushtan/buy/membership/145917?campaign=hush_hush_tan_website_1&source=web_direct
Our Services,services,services-pricing-v2,service_row_cbwDeR/service_row,link_loc2,https://go.booker.com/location/hushhushtanhouston/buy/membership/145917
Our Services,services,services-pricing-v2,service_row_cbwDeR/service_row,link_loc3,https://go.booker.com/location/hushhushtandallas/buy/membership/145918
Our Services,services,services-pricing-v2,service_row_JffQCT/service_row,link_loc1,https://go.booker.com/location/hushhushtan/buy/membership/145919?campaign=hush_hush_tan_website_1&source=web_direct
Our Services,services,services-pricing-v2,service_row_JffQCT/service_row,link_loc2,https://go.booker.com/location/hushhushtanhouston/buy/membership/145919
Our Services,services,services-pricing-v2,service_row_JffQCT/service_row,link_loc3,https://go.booker.com/location/hushhushtandallas/buy/membership/145920
Our Services,services,services-pricing-v2,service_row_xJ7nwW/service_row,link_loc1,https://go.booker.com/location/hushhushtan/buy/series?campaign=hush_hush_tan_website_1&source=web_direct
Our Services,services,services-pricing-v2,service_row_xJ7nwW/service_row,link_loc2,https://go.booker.com/location/hushhushtanhouston/buy/series
Our Services,services,services-pricing-v2,service_row_xJ7nwW/service_row,link_loc3,https://go.booker.com/location/hushhushtandallas/buy/series
Our Services,services,services-pricing-v2,service_row_gXmELF/service_row,link_loc1,https://go.booker.com/location/hushhushtan/buy/series?campaign=hush_hush_tan_website_1&source=web_direct
Our Services,services,services-pricing-v2,service_row_gXmELF/service_row,link_loc2,https://go.booker.com/location/hushhushtanhouston/buy/series
Our Services,services,services-pricing-v2,service_row_gXmELF/service_row,link_loc3,https://go.booker.com/location/hushhushtandallas/buy/series
Our Services,services,services-pricing-v2,service_row_Vy9CXd/service_row,link_loc1,https://go.booker.com/location/hushhushtan/detail-summary/4931005?campaign=hush_hush_tan_website_1&source=web_direct
Our Services,services,services-pricing-v2,service_row_Vy9CXd/service_row,link_loc2,https://go.booker.com/location/hushhushtanhouston/detail-summary/4931007
Our Services,services,services-pricing-v2,service_row_Vy9CXd/service_row,link_loc3,https://go.booker.com/location/hushhushtandallas/detail-summary/4931006
Our Services,services,services-pricing-v2,service_row_3FfRky/service_row,link_loc1,https://go.booker.com/location/hushhushtan/detail-summary/4931015?campaign=hush_hush_tan_website_1&source=web_direct
Our Services,services,services-pricing-v2,service_row_3FfRky/service_row,link_loc2,https://go.booker.com/location/hushhushtanhouston/detail-summary/4931017
Our Services,services,services-pricing-v2,service_row_3FfRky/service_row,link_loc3,https://go.booker.com/location/hushhushtandallas/detail-summary/4931016
Our Services,services,services-pricing-v2,service_row_C3rxtd/service_row,link_loc1,https://go.booker.com/location/hushhushtan/detail-summary/4931020?campaign=hush_hush_tan_website_1&source=web_direct
Our Services,services,services-pricing-v2,service_row_C3rxtd/service_row,link_loc2,https://go.booker.com/location/hushhushtanhouston/detail-summary/4931022
Our Services,services,services-pricing-v2,service_row_C3rxtd/service_row,link_loc3,https://go.booker.com/location/hushhushtandallas/detail-summary/4931021
Our Services,services,services-pricing-v2,service_row_7UpGxr/service_row,link_loc1,https://go.booker.com/location/hushhushtan/detail-summary/4931027?campaign=hush_hush_tan_website_1&source=web_direct
Our Services,services,services-pricing-v2,service_row_7UpGxr/service_row,link_loc2,https://go.booker.com/location/hushhushtanhouston/detail-summary/4931029
Our Services,services,services-pricing-v2,service_row_7UpGxr/service_row,link_loc3,https://go.booker.com/location/hushhushtandallas/detail-summary/4931028
Our Services,services,services-pricing-v2,service_row_qyiUh9/service_row,link_loc1,https://go.booker.com/location/hushhushtan/detail-summary/4931035?campaign=hush_hush_tan_website_1&source=web_direct
Our Services,services,services-pricing-v2,service_row_qyiUh9/service_row,link_loc2,https://go.booker.com/location/hushhushtanhouston/detail-summary/4931037
Our Services,services,services-pricing-v2,service_row_qyiUh9/service_row,link_loc3,https://go.booker.com/location/hushhushtandallas/detail-summary/4931036
Our Services,services,services-pricing-v2,service_row_nfp6pn/service_row,link_loc1,https://go.booker.com/location/hushhushtan/detail-summary/4931031?campaign=hush_hush_tan_website_1&source=web_direct
Our Services,services,services-pricing-v2,service_row_nfp6pn/service_row,link_loc2,https://go.booker.com/location/hushhushtanhouston/detail-summary/4931033
Our Services,services,services-pricing-v2,service_row_nfp6pn/service_row,link_loc3,https://go.booker.com/location/hushhushtandallas/detail-summary/4931032
Our Services,services,services-pricing-v2,service_row_i9eBaz/service_row,link_loc1,https://go.booker.com/location/hushhushtan/detail-summary/4931043?campaign=hush_hush_tan_website_1&source=web_direct
Our Services,services,services-pricing-v2,service_row_i9eBaz/service_row,link_loc2,https://go.booker.com/location/hushhushtanhouston/detail-summary/4931045
Our Services,services,services-pricing-v2,service_row_i9eBaz/service_row,link_loc3,https://go.booker.com/location/hushhushtandallas/detail-summary/4931044
Our Services,services,services-pricing-v2,service_row_3wafPF/service_row,link_loc1,https://go.booker.com/location/hushhushtan/detail-summary/4228174?campaign=hush_hush_tan_website_1&source=web_direct
Our Services,services,services-pricing-v2,service_row_3wafPF/service_row,link_loc2,https://go.booker.com/location/hushhushtanhouston/detail-summary/4537755
Our Services,services,services-pricing-v2,service_row_3wafPF/service_row,link_loc3,https://go.booker.com/location/hushhushtandallas/detail-summary/2672014
Our Services,services,services-pricing-v2,service_row_wVpW7T/service_row,link_loc1,https://go.booker.com/location/hushhushtan/detail-summary/4253915?campaign=hush_hush_tan_website_1&source=web_direct
Our Services,services_faq,glow-moments-faq,,faqs_url,/pages/faqs
Our Services,services_faq,glow-moments-faq,,book_url,/pages/our-services
Our Services,services_final_cta,final-cta,,cta1_url,https://go.booker.com/location/hushhushtan/detail-summary/4930591
Our Services,services_final_cta,final-cta,,cta1_url_austin,https://go.booker.com/location/hushhushtan/detail-summary/4930591
Our Services,services_final_cta,final-cta,,cta1_url_houston,https://go.booker.com/location/hushhushtanhouston/detail-summary/4930593
Our Services,services_final_cta,final-cta,,cta1_url_dallas,https://go.booker.com/location/hushhushtandallas/detail-summary/4930592
Our Services,services_final_cta,final-cta,,cta2_url,/collections/tanning-products
